Workbook

Sheet graduates
A1: grad_id | B1: track | C1: assessment_score | D1: starting_salary_k | E1: interviews | F1: offers | G1: days_to_first_offer
A2: G-1001 | B2: Data Science | C2: 73.2 | D2: 16.8 | E2: 7 | F2: 5 | G2: 69
A3: G-1002 | B3: Data Science | C3: 77.5 | D3: 16.4 | E3: 6 | F3: 2 | G3: 43
A4: G-1003 | B4: Data Science | C4: 88.9 | D4: 12.2 | E4: 7 | F4: 4 | G4: 23
A5: G-1004 | B5: Data Science | C5: 74.9 | D5: 13.3 | E5: 6 | F5: 1 | G5: 174
A6: G-1005 | B6: Data Science | C6: 93.4 | D6: 45.2 | E6: 5 | F6: 3 | G6: 59
A7: G-1006 | B7: Data Science | C7: 74.7 | D7: 11.1 | E7: 4 | F7: 1 | G7: 58
A8: G-1007 | B8: Data Science | C8: 79 | D8: 8.6 | E8: 2 | F8: 0 | G8: 66
A9: G-1008 | B9: Data Science | C9: 74.1 | D9: 24 | E9: 2 | F9: 1 | G9: 29
A10: G-1009 | B10: Data Science | C10: 80.8 | D10: 17.6 | E10: 9 | F10: 3 | G10: 36
A11: G-1010 | B11: Data Science | C11: 71.6 | D11: 10.9 | E11: 6 | F11: 1 | G11: 67
A12: G-1011 | B12: Data Science | C12: 73.2 | D12: 7.1 | E12: 6 | F12: 2 | G12: 100
A13: G-1012 | B13: Data Science | C13: 73.9 | D13: 22.1 | E13: 10 | F13: 2 | G13: 85
... A301: G-1300 | B301: UI/UX | C301: 83.7 | D301: 7.4 | E301: 6 | F301: 2 | G301: 24

Sheet helpdesk
A1: date | B1: lab | C1: tickets_logged
A2: 2025-09-01 | B2: Lab C | C2: 3
A3: 2025-09-02 | B3: Lab C | C3: 3
A4: 2025-09-03 | B4: Lab A | C4: 6
A5: 2025-09-04 | B5: Lab C | C5: 5
A6: 2025-09-05 | B6: Lab A | C6: 7
A7: 2025-09-06 | B7: Lab C | C7: 3
A8: 2025-09-07 | B8: Lab C | C8: 2
A9: 2025-09-08 | B9: Lab C | C9: 2
A10: 2025-09-09 | B10: Lab C | C10: 4
A11: 2025-09-10 | B11: Lab B | C11: 2
A12: 2025-09-11 | B12: Lab B | C12: 8
A13: 2025-09-12 | B13: Lab A | C13: 7
... A181: 2026-02-27 | B181: Lab B | C181: 3

Sheet Myr_answers
O1: Bionomical Model VS Actual Offers
A3: Part | B3: Question | C3: Your answer | D3: Formula / assumption you relied on
A4: E1 | B4: Condition1: Fixed n | C4: Holds (yes) | D4: Each graduate has a fixed number of interviews attended (n).
A5: E1 | B5: Condition 2: two outcomes | C5: Holds (yes) | D5: Each trial results in either an Offer (Success) or No Offer (Failure).
A6: E1 | B6: Condition 3: Constant p | C6: Does not fully hold (Questionable) | D6: Student abilities differ, so success probability p is not constant across graduates
A7: E1 | B7: Condition 4: Independent trials | C7: Does not fully hold (Questionable) | D7: Performance in one interview may affect confidence or outcomes in subsequent ones. | J7: Offers(x) | K7: Binomial Model Theory | L7: Observed Actual
A8: E1 | B8: Model Impact | C8: Under-predicts extremes | D8: Non-constant p leads to under-predicting the proportion of graduates with zero offers. | J8: 0 | K8: =_xlfn.BINOM.DIST(J8,6, 0.292,FALSE) -> 0.1259504 | L8: =COUNTIF(graduates!F:F,J8)/300 -> 0.22
A9: E2.1 | B9: Estimated p | C9: =SUM(graduates!F:F)/SUM(graduates!E:E) -> 0.29161604 | D9: SUM(offers)/SUM(interviews) = 480 / 1646 | J9: 1 | K9: =_xlfn.BINOM.DIST(J9,6, 0.292,FALSE) -> 0.31167387 | L9: =COUNTIF(graduates!F:F,J9)/300 -> 0.32
A10: E2.2 | B10: P(X = 2) for n = 6 | C10: =_xlfn.BINOM.DIST(2, 6, 0.292, FALSE) -> 0.32135865 | D10: BINOM.DIST(2, 6, 0.292, FALSE) | J10: 2 | K10: =_xlfn.BINOM.DIST(J10,6, 0.292,FALSE) -> 0.32135865 | L10: =COUNTIF(graduates!F:F,J10)/300 -> 0.22666667
A11: E2.3 | B11: P(X = 0) for n = 6 | C11: =_xlfn.BINOM.DIST(0, 6, 0.292, FALSE) -> 0.1259504 | D11: BINOM.DIST(0, 6, 0.292, FALSE) | J11: 3 | K11: =_xlfn.BINOM.DIST(J11,6, 0.292,FALSE) -> 0.176717 | L11: =COUNTIF(graduates!F:F,J11)/300 -> 0.14333333
A12: E2.4 | B12: P(X >= 1) for n = 6 | C12: =1 - _xlfn.BINOM.DIST(0, 6, 0.292, FALSE) -> 0.8740496 | D12: 1 - BINOM.DIST(0, 6, 0.292, FALSE) | J12: 4 | K12: =_xlfn.BINOM.DIST(J12,6, 0.292,FALSE) -> 0.054662461 | L12: =COUNTIF(graduates!F:F,J12)/300 -> 0.063333333
A13: E2.5 | B13: Mean (n=6) | C13: =6 * 0.292 -> 1.752 | D13: E(X) = n * p = 6 * 0.292 | J13: 5 | K13: =_xlfn.BINOM.DIST(J13,6, 0.292,FALSE) -> 0.0090177619 | L13: =COUNTIF(graduates!F:F,J13)/300 -> 0.02
B14: Variance (n=6) | C14: =6*0.292*(1-0.292) -> 1.240416 | D14: Var(X) = n * p * (1 - p) = 6 * 0.292 * (1 - 0.292) | J14: 6 | K14: =_xlfn.BINOM.DIST(J14,6, 0.292,FALSE) -> 0.00061986499 | L14: =COUNTIF(graduates!F:F,J14)/300 -> 0.0033333333
A15: E3.1 | B15: Distribution Shape | C15: Right-skewed (Positively skewed) | D15: Standard rule: Binomial distribution is right-skewed when p < 0.5 >>>>>(p = 0.292$).
A16: E3.2 | B16: Observed proportion of 0 offers | C16: =COUNTIF(graduates!F:F, 0) / 300 -> 0.22 | D16: COUNTIF(offers, 0) / 300 = 66 / 300 | J16: Core Issue: Violation of Constant Success Probability (p).
A17: E3.3 | B17: Reason for model under-prediction | C17: Variation in student quality | D17: p is not constant; weaker candidates get shut out more often than a pooled-p model expects. | J17: Real-World Impact: Because students have different skill levels, lower-skilled candidates get zero offers much more often in reality (22%) than the theoretical model predicts (12.6%)
J18: Model Limitation: Standard Binomial pooling under-predicts tail events when individual success probabilities are non-uniform.
A19: F1.1 | B19: Mean of Tickets | C19: =AVERAGE(helpdesk!C:C) -> 3.7055556 | D19: AVERAGE(tickets_logged) | F19: Tickets(x) | G19: Poisson Probability | H19: Status
B20: Variance of Tickets | C20: =_xlfn.VAR.S(helpdesk!C:C) -> 3.6055556 | D20: VAR.S(tickets_logged) | F20: 0 | G20: =_xlfn.POISSON.DIST(F20,3.7,FALSE) -> 0.024723526 | H20: Within Capacity
A21: F1.2 | B21: Does dataset look Poisson? | C21: Yes | D21: Mean approximatily equal Variance , meeting the Poisson signature. | F21: 1 | G21: =_xlfn.POISSON.DIST(F21,3.7,FALSE) -> 0.091477048 | H21: Within Capacity
A22: F1.3 | B22: Independence Condition | C22: Holds generally, fails during outages | D22: A major system or server outage creates a surge of dependent tickets. | F22: 2 | G22: =_xlfn.POISSON.DIST(F22,3.7,FALSE) -> 0.16923254 | H22: Within Capacity
F23: 3 | G23: =_xlfn.POISSON.DIST(F23,3.7,FALSE) -> 0.20872013 | H23: Within Capacity
A24: F2.1 | B24: P(X = 2) for lambda = 3.7 | C24: =_xlfn.POISSON.DIST(2,3.7,FALSE) -> 0.16923254 | D24: POISSON.DIST(2, 3.7, FALSE) | F24: 4 | G24: =_xlfn.POISSON.DIST(F24,3.7,FALSE) -> 0.19306612 | H24: Within Capacity
A25: F2.2 | B25: P(X = 0) for lambda = 3.7 | C25: =_xlfn.POISSON.DIST(0,3.7,FALSE) -> 0.024723526 | D25: POISSON.DIST(0;3.7;FALSE) | F25: 5 | G25: =_xlfn.POISSON.DIST(F25,3.7,FALSE) -> 0.14286893 | H25: Within Capacity
A26: F2.3 | B26: P(X >= 2) for lambda = 3.7 | C26: =1 - _xlfn.POISSON.DIST(1,3.7,TRUE) -> 0.88379943 | D26: 1 - POISSON.DIST(1, 3.7, TRUE) | F26: 6 | G26: =_xlfn.POISSON.DIST(F26,3.7,FALSE) -> 0.088102507 | H26: Within Capacity
A27: F2.4 | B27: P(X > 6) & Days exceeding capacity | C27: =1 - _xlfn.POISSON.DIST(6,3.7,TRUE) -> 0.081809198 | D27: 1 - POISSON.DIST(6, 3.7, TRUE) | F27: 7 | G27: =_xlfn.POISSON.DIST(F27,3.7,FALSE) -> 0.046568468 | H27: Exceeds Capacity
F28: 8 | G28: =_xlfn.POISSON.DIST(F28,3.7,FALSE) -> 0.021537916 | H28: Exceeds Capacity
A29: F3.1 | B29: Staffing Recommendation | C29: Do not hire full-time staff; use on-call coverage for peak days. | D29: Current capacity (6 tickets/day) covers ~91.8% of days, with only ~15 peak days exceeding capacity per 180 days. | F29: 9 | G29: =_xlfn.POISSON.DIST(F29,3.7,FALSE) -> 0.0088544767 | H29: Exceeds Capacity
F30: 10 | G30: =_xlfn.POISSON.DIST(F30,3.7,FALSE) -> 0.0032761564 | H30: Exceeds Capacity
A34: F3.2 | B34: Key Assumption | C34: Ticket occurrences remain independent with constant mean rate (lambda = 3.7) | D34: Assumes standard daily operation without catastrophic network/system outages
A39: F3.3 | B39: Operational Decision | C39: Maintain current 6-ticket daily limit and implement flexible overtime. | D39: Cost-effective strategy that maintains SLA performance without adding permanent salary overhead.
F42: key Insight: Current capacity covers 92% of operational days, but an on-call system is needed to handle the 15 peak days that exceed 6 tickets
